year,genre,name,rating,budget,PF
2005,action,6,5.73,705000000,0.16
2005.09090909091,action,6,5.68545454545455,742500000,0.199090909090909
2005.18181818182,action,6,5.64090909090909,780000000,0.238181818181818
2005.27272727273,action,6,5.59636363636364,817500000,0.277272727272727
2005.36363636364,action,6,5.55181818181818,855000000,0.316363636363636
2005.45454545455,action,6,5.50727272727273,892500000,0.355454545454546
2005.54545454545,action,6,5.46272727272727,930000000,0.394545454545455
2005.63636363636,action,6,5.41818181818182,967500000,0.433636363636364
2005.72727272727,action,6,5.37363636363636,1005000000,0.472727272727273
2005.81818181818,action,6,5.32909090909091,1042500000,0.511818181818182
2005.90909090909,action,6,5.28454545454546,1080000000,0.550909090909091
2005,comedy,15,4.85,1552500000,0.67
2005.09090909091,comedy,15,4.90272727272727,1528181818.18182,0.68
2005.18181818182,comedy,15,4.95545454545455,1503863636.36364,0.69
2005.27272727273,comedy,15,5.00818181818182,1479545454.54545,0.7
2005.36363636364,comedy,15,5.06090909090909,1455227272.72727,0.71
2005.45454545455,comedy,15,5.11363636363636,1430909090.90909,0.72
2005.54545454545,comedy,15,5.16636363636364,1406590909.09091,0.73
2005.63636363636,comedy,15,5.21909090909091,1382272727.27273,0.74
2005.72727272727,comedy,15,5.27181818181818,1357954545.45455,0.75
2005.81818181818,comedy,15,5.32454545454545,1333636363.63636,0.76
2005.90909090909,comedy,15,5.37727272727273,1309318181.81818,0.77
2005,drama,24,6.33,1564000000,0.13
2005.09090909091,drama,24,6.25090909090909,1610772727.27273,0.11
2005.18181818182,drama,24,6.17181818181818,1657545454.54545,0.09
2005.27272727273,drama,24,6.09272727272727,1704318181.81818,0.07
2005.36363636364,drama,24,6.01363636363636,1751090909.09091,0.05
2005.45454545455,drama,24,5.93454545454546,1797863636.36364,0.03
2005.54545454545,drama,24,5.85545454545455,1844636363.63636,0.01
2005.63636363636,drama,24,5.77636363636364,1891409090.90909,-0.01
2005.72727272727,drama,24,5.69727272727273,1938181818.18182,-0.03
2005.81818181818,drama,24,5.61818181818182,1984954545.45455,-0.05
2005.90909090909,drama,24,5.53909090909091,2031727272.72727,-0.07
2005,love_story,5,4.9,270000000,-0.38
2005.09090909091,love_story,5,4.92181818181818,334545454.545455,-0.36
2005.18181818182,love_story,5,4.94363636363636,399090909.090909,-0.34
2005.27272727273,love_story,5,4.96545454545455,463636363.636364,-0.32
2005.36363636364,love_story,5,4.98727272727273,528181818.181818,-0.3
2005.45454545455,love_story,5,5.00909090909091,592727272.727273,-0.28
2005.54545454545,love_story,5,5.03090909090909,657272727.272727,-0.26
2005.63636363636,love_story,5,5.05272727272727,721818181.818182,-0.24
2005.72727272727,love_story,5,5.07454545454545,786363636.363636,-0.22
2005.81818181818,love_story,5,5.09636363636364,850909090.909091,-0.2
2005.90909090909,love_story,5,5.11818181818182,915454545.454545,-0.18
2005,rom__com,4,5.78,237500000,0.76
2005.09090909091,rom__com,4,5.62727272727273,235909090.909091,0.690909090909091
2005.18181818182,rom__com,4,5.47454545454545,234318181.818182,0.621818181818182
2005.27272727273,rom__com,4,5.32181818181818,232727272.727273,0.552727272727273
2005.36363636364,rom__com,4,5.16909090909091,231136363.636364,0.483636363636364
2005.45454545455,rom__com,4,5.01636363636364,229545454.545455,0.414545454545455
2005.54545454545,rom__com,4,4.86363636363636,227954545.454545,0.345454545454545
2005.63636363636,rom__com,4,4.71090909090909,226363636.363636,0.276363636363636
2005.72727272727,rom__com,4,4.55818181818182,224772727.272727,0.207272727272727
2005.81818181818,rom__com,4,4.40545454545455,223181818.181818,0.138181818181818
2005.90909090909,rom__com,4,4.25272727272727,221590909.090909,0.069090909090909
2005,thriller,16,5.04,818000000,0
2005.09090909091,thriller,16,5,781818181.818182,-0.010909090909091
2005.18181818182,thriller,16,4.96,745636363.636364,-0.021818181818182
2005.27272727273,thriller,16,4.92,709454545.454546,-0.032727272727273
2005.36363636364,thriller,16,4.88,673272727.272727,-0.043636363636364
2005.45454545455,thriller,16,4.84,637090909.090909,-0.054545454545455
2005.54545454545,thriller,16,4.8,600909090.909091,-0.065454545454546
2005.63636363636,thriller,16,4.76,564727272.727273,-0.076363636363636
2005.72727272727,thriller,16,4.72,528545454.545455,-0.087272727272727
2005.81818181818,thriller,16,4.68,492363636.363636,-0.098181818181818
2005.90909090909,thriller,16,4.64,456181818.181818,-0.109090909090909
2006,action,5,5.24,1117500000,0.59
2006.09090909091,action,5,5.15909090909091,1058909090.90909,0.554545454545455
2006.18181818182,action,5,5.07818181818182,1000318181.81818,0.519090909090909
2006.27272727273,action,5,4.99727272727273,941727272.727273,0.483636363636364
2006.36363636364,action,5,4.91636363636364,883136363.636364,0.448181818181818
2006.45454545455,action,5,4.83545454545455,824545454.545454,0.412727272727273
2006.54545454545,action,5,4.75454545454546,765954545.454546,0.377272727272727
2006.63636363636,action,5,4.67363636363636,707363636.363636,0.341818181818182
2006.72727272727,action,5,4.59272727272727,648772727.272727,0.306363636363636
2006.81818181818,action,5,4.51181818181818,590181818.181818,0.270909090909091
2006.90909090909,action,5,4.43090909090909,531590909.090909,0.235454545454545
2006,comedy,12,5.43,1285000000,0.78
2006.09090909091,comedy,12,5.44090909090909,1386590909.09091,0.777272727272727
2006.18181818182,comedy,12,5.45181818181818,1488181818.18182,0.774545454545455
2006.27272727273,comedy,12,5.46272727272727,1589772727.27273,0.771818181818182
2006.36363636364,comedy,12,5.47363636363636,1691363636.36364,0.769090909090909
2006.45454545455,comedy,12,5.48454545454545,1792954545.45455,0.766363636363636
2006.54545454545,comedy,12,5.49545454545455,1894545454.54545,0.763636363636364
2006.63636363636,comedy,12,5.50636363636364,1996136363.63636,0.760909090909091
2006.72727272727,comedy,12,5.51727272727273,2097727272.72727,0.758181818181818
2006.81818181818,comedy,12,5.52818181818182,2199318181.81818,0.755454545454546
2006.90909090909,comedy,12,5.53909090909091,2300909090.90909,0.752727272727273
2006,drama,25,5.46,2078500000,-0.09
2006.09090909091,drama,25,5.52636363636364,2086545454.54545,-0.095454545454546
2006.18181818182,drama,25,5.59272727272727,2094590909.09091,-0.100909090909091
2006.27272727273,drama,25,5.65909090909091,2102636363.63636,-0.106363636363636
2006.36363636364,drama,25,5.72545454545455,2110681818.18182,-0.111818181818182
2006.45454545455,drama,25,5.79181818181818,2118727272.72727,-0.117272727272727
2006.54545454545,drama,25,5.85818181818182,2126772727.27273,-0.122727272727273
2006.63636363636,drama,25,5.92454545454546,2134818181.81818,-0.128181818181818
2006.72727272727,drama,25,5.99090909090909,2142863636.36364,-0.133636363636364
2006.81818181818,drama,25,6.05727272727273,2150909090.90909,-0.139090909090909
2006.90909090909,drama,25,6.12363636363636,2158954545.45455,-0.144545454545455
2006,love_story,11,5.14,980000000,-0.16
2006.09090909091,love_story,11,5.2,999090909.090909,-0.103636363636364
2006.18181818182,love_story,11,5.26,1018181818.18182,-0.047272727272727
2006.27272727273,love_story,11,5.32,1037272727.27273,0.009090909090909
2006.36363636364,love_story,11,5.38,1056363636.36364,0.065454545454546
2006.45454545455,love_story,11,5.44,1075454545.45455,0.121818181818182
2006.54545454545,love_story,11,5.5,1094545454.54545,0.178181818181818
2006.63636363636,love_story,11,5.56,1113636363.63636,0.234545454545455
2006.72727272727,love_story,11,5.62,1132727272.72727,0.290909090909091
2006.81818181818,love_story,11,5.68,1151818181.81818,0.347272727272727
2006.90909090909,love_story,11,5.74,1170909090.90909,0.403636363636364
2006,rom__com,2,4.1,220000000,0
2006.09090909091,rom__com,2,4.22545454545455,281136363.636364,0.073636363636364
2006.18181818182,rom__com,2,4.35090909090909,342272727.272727,0.147272727272727
2006.27272727273,rom__com,2,4.47636363636364,403409090.909091,0.220909090909091
2006.36363636364,rom__com,2,4.60181818181818,464545454.545454,0.294545454545455
2006.45454545455,rom__com,2,4.72727272727273,525681818.181818,0.368181818181818
2006.54545454545,rom__com,2,4.85272727272727,586818181.818182,0.441818181818182
2006.63636363636,rom__com,2,4.97818181818182,647954545.454546,0.515454545454545
2006.72727272727,rom__com,2,5.10363636363636,709090909.090909,0.589090909090909
2006.81818181818,rom__com,2,5.22909090909091,770227272.727273,0.662727272727273
2006.90909090909,rom__com,2,5.35454545454545,831363636.363636,0.736363636363636
2006,thriller,6,4.6,420000000,-0.12
2006.09090909091,thriller,6,4.61,459318181.818182,-0.150909090909091
2006.18181818182,thriller,6,4.62,498636363.636364,-0.181818181818182
2006.27272727273,thriller,6,4.63,537954545.454546,-0.212727272727273
2006.36363636364,thriller,6,4.64,577272727.272727,-0.243636363636364
2006.45454545455,thriller,6,4.65,616590909.090909,-0.274545454545455
2006.54545454545,thriller,6,4.66,655909090.909091,-0.305454545454545
2006.63636363636,thriller,6,4.67,695227272.727273,-0.336363636363636
2006.72727272727,thriller,6,4.68,734545454.545455,-0.367272727272727
2006.81818181818,thriller,6,4.69,773863636.363636,-0.398181818181818
2006.90909090909,thriller,6,4.7,813181818.181818,-0.429090909090909
2007,action,4,4.35,473000000,0.2
2007.09090909091,action,4,4.42,547272727.272727,0.241818181818182
2007.18181818182,action,4,4.49,621545454.545455,0.283636363636364
2007.27272727273,action,4,4.56,695818181.818182,0.325454545454545
2007.36363636364,action,4,4.63,770090909.090909,0.367272727272727
2007.45454545455,action,4,4.7,844363636.363636,0.409090909090909
2007.54545454545,action,4,4.77,918636363.636364,0.450909090909091
2007.63636363636,action,4,4.84,992909090.909091,0.492727272727273
2007.72727272727,action,4,4.91,1067181818.18182,0.534545454545454
2007.81818181818,action,4,4.98,1141454545.45455,0.576363636363636
2007.90909090909,action,4,5.05,1215727272.72727,0.618181818181818
2007,comedy,17,5.55,2402500000,0.75
2007.09090909091,comedy,17,5.49090909090909,2404772727.27273,0.668181818181818
2007.18181818182,comedy,17,5.43181818181818,2407045454.54545,0.586363636363636
2007.27272727273,comedy,17,5.37272727272727,2409318181.81818,0.504545454545455
2007.36363636364,comedy,17,5.31363636363636,2411590909.09091,0.422727272727273
2007.45454545455,comedy,17,5.25454545454546,2413863636.36364,0.340909090909091
2007.54545454545,comedy,17,5.19545454545455,2416136363.63636,0.259090909090909
2007.63636363636,comedy,17,5.13636363636364,2418409090.90909,0.177272727272727
2007.72727272727,comedy,17,5.07727272727273,2420681818.18182,0.095454545454546
2007.81818181818,comedy,17,5.01818181818182,2422954545.45455,0.013636363636364
2007.90909090909,comedy,17,4.95909090909091,2425227272.72727,-0.068181818181818
2007,drama,27,6.19,2167000000,-0.15
2007.09090909091,drama,27,6.16090909090909,2192636363.63636,-0.162727272727273
2007.18181818182,drama,27,6.13181818181818,2218272727.27273,-0.175454545454545
2007.27272727273,drama,27,6.10272727272727,2243909090.90909,-0.188181818181818
2007.36363636364,drama,27,6.07363636363636,2269545454.54545,-0.200909090909091
2007.45454545455,drama,27,6.04454545454546,2295181818.18182,-0.213636363636364
2007.54545454545,drama,27,6.01545454545455,2320818181.81818,-0.226363636363636
2007.63636363636,drama,27,5.98636363636364,2346454545.45455,-0.239090909090909
2007.72727272727,drama,27,5.95727272727273,2372090909.09091,-0.251818181818182
2007.81818181818,drama,27,5.92818181818182,2397727272.72727,-0.264545454545454
2007.90909090909,drama,27,5.89909090909091,2423363636.36364,-0.277272727272727
2007,love_story,3,5.8,1190000000,0.46
2007.09090909091,love_story,3,5.75454545454545,1226590909.09091,0.454545454545455
2007.18181818182,love_story,3,5.70909090909091,1263181818.18182,0.449090909090909
2007.27272727273,love_story,3,5.66363636363636,1299772727.27273,0.443636363636364
2007.36363636364,love_story,3,5.61818181818182,1336363636.36364,0.438181818181818
2007.45454545455,love_story,3,5.57272727272727,1372954545.45455,0.432727272727273
2007.54545454545,love_story,3,5.52727272727273,1409545454.54545,0.427272727272727
2007.63636363636,love_story,3,5.48181818181818,1446136363.63636,0.421818181818182
2007.72727272727,love_story,3,5.43636363636364,1482727272.72727,0.416363636363636
2007.81818181818,love_story,3,5.39090909090909,1519318181.81818,0.410909090909091
2007.90909090909,love_story,3,5.34545454545455,1555909090.90909,0.405454545454546
2007,rom__com,6,5.48,892500000,0.81
2007.09090909091,rom__com,6,5.46181818181818,875909090.909091,0.763636363636364
2007.18181818182,rom__com,6,5.44363636363636,859318181.818182,0.717272727272727
2007.27272727273,rom__com,6,5.42545454545455,842727272.727273,0.670909090909091
2007.36363636364,rom__com,6,5.40727272727273,826136363.636364,0.624545454545455
2007.45454545455,rom__com,6,5.38909090909091,809545454.545455,0.578181818181818
2007.54545454545,rom__com,6,5.37090909090909,792954545.454546,0.531818181818182
2007.63636363636,rom__com,6,5.35272727272727,776363636.363636,0.485454545454545
2007.72727272727,rom__com,6,5.33454545454546,759772727.272727,0.439090909090909
2007.81818181818,rom__com,6,5.31636363636364,743181818.181818,0.392727272727273
2007.90909090909,rom__com,6,5.29818181818182,726590909.090909,0.346363636363636
2007,thriller,8,4.71,852500000,-0.46
2007.09090909091,thriller,8,4.79636363636364,862727272.727273,-0.441818181818182
2007.18181818182,thriller,8,4.88272727272727,872954545.454546,-0.423636363636364
2007.27272727273,thriller,8,4.96909090909091,883181818.181818,-0.405454545454546
2007.36363636364,thriller,8,5.05545454545455,893409090.909091,-0.387272727272727
2007.45454545455,thriller,8,5.14181818181818,903636363.636364,-0.369090909090909
2007.54545454545,thriller,8,5.22818181818182,913863636.363636,-0.350909090909091
2007.63636363636,thriller,8,5.31454545454545,924090909.090909,-0.332727272727273
2007.72727272727,thriller,8,5.40090909090909,934318181.818182,-0.314545454545455
2007.81818181818,thriller,8,5.48727272727273,944545454.545455,-0.296363636363636
2007.90909090909,thriller,8,5.57363636363636,954772727.272727,-0.278181818181818
2008,action,5,5.12,1290000000,0.66
2008.09090909091,action,5,5.12090909090909,1296818181.81818,0.600909090909091
2008.18181818182,action,5,5.12181818181818,1303636363.63636,0.541818181818182
2008.27272727273,action,5,5.12272727272727,1310454545.45455,0.482727272727273
2008.36363636364,action,5,5.12363636363636,1317272727.27273,0.423636363636364
2008.45454545455,action,5,5.12454545454546,1324090909.09091,0.364545454545455
2008.54545454545,action,5,5.12545454545455,1330909090.90909,0.305454545454545
2008.63636363636,action,5,5.12636363636364,1337727272.72727,0.246363636363636
2008.72727272727,action,5,5.12727272727273,1344545454.54545,0.187272727272727
2008.81818181818,action,5,5.12818181818182,1351363636.36364,0.128181818181818
2008.90909090909,action,5,5.12909090909091,1358181818.18182,0.069090909090909
2008,comedy,21,4.9,2427500000,-0.15
2008.09090909091,comedy,21,4.89181818181818,2424318181.81818,-0.160909090909091
2008.18181818182,comedy,21,4.88363636363636,2421136363.63636,-0.171818181818182
2008.27272727273,comedy,21,4.87545454545455,2417954545.45455,-0.182727272727273
2008.36363636364,comedy,21,4.86727272727273,2414772727.27273,-0.193636363636364
2008.45454545455,comedy,21,4.85909090909091,2411590909.09091,-0.204545454545455
2008.54545454545,comedy,21,4.85090909090909,2408409090.90909,-0.215454545454545
2008.63636363636,comedy,21,4.84272727272727,2405227272.72727,-0.226363636363636
2008.72727272727,comedy,21,4.83454545454545,2402045454.54545,-0.237272727272727
2008.81818181818,comedy,21,4.82636363636364,2398863636.36364,-0.248181818181818
2008.90909090909,comedy,21,4.81818181818182,2395681818.18182,-0.259090909090909
2008,drama,20,5.87,2449000000,-0.29
2008.09090909091,drama,20,5.90636363636364,2533863636.36364,-0.272727272727273
2008.18181818182,drama,20,5.94272727272727,2618727272.72727,-0.255454545454545
2008.27272727273,drama,20,5.97909090909091,2703590909.09091,-0.238181818181818
2008.36363636364,drama,20,6.01545454545455,2788454545.45455,-0.220909090909091
2008.45454545455,drama,20,6.05181818181818,2873318181.81818,-0.203636363636364
2008.54545454545,drama,20,6.08818181818182,2958181818.18182,-0.186363636363636
2008.63636363636,drama,20,6.12454545454545,3043045454.54545,-0.169090909090909
2008.72727272727,drama,20,6.16090909090909,3127909090.90909,-0.151818181818182
2008.81818181818,drama,20,6.19727272727273,3212772727.27273,-0.134545454545455
2008.90909090909,drama,20,6.23363636363636,3297636363.63636,-0.117272727272727
2008,love_story,7,5.3,1592500000,0.4
2008.09090909091,love_story,7,5.3,1470454545.45455,0.303636363636364
2008.18181818182,love_story,7,5.3,1348409090.90909,0.207272727272727
2008.27272727273,love_story,7,5.3,1226363636.36364,0.110909090909091
2008.36363636364,love_story,7,5.3,1104318181.81818,0.014545454545455
2008.45454545455,love_story,7,5.3,982272727.272727,-0.081818181818182
2008.54545454545,love_story,7,5.3,860227272.727273,-0.178181818181818
2008.63636363636,love_story,7,5.3,738181818.181818,-0.274545454545455
2008.72727272727,love_story,7,5.3,616136363.636364,-0.370909090909091
2008.81818181818,love_story,7,5.3,494090909.090909,-0.467272727272727
2008.90909090909,love_story,7,5.3,372045454.545455,-0.563636363636364
2008,rom__com,4,5.28,710000000,0.3
2008.09090909091,rom__com,4,5.23636363636364,706590909.090909,0.249090909090909
2008.18181818182,rom__com,4,5.19272727272727,703181818.181818,0.198181818181818
2008.27272727273,rom__com,4,5.14909090909091,699772727.272727,0.147272727272727
2008.36363636364,rom__com,4,5.10545454545455,696363636.363636,0.096363636363636
2008.45454545455,rom__com,4,5.06181818181818,692954545.454546,0.045454545454546
2008.54545454545,rom__com,4,5.01818181818182,689545454.545454,-0.005454545454545
2008.63636363636,rom__com,4,4.97454545454545,686136363.636364,-0.056363636363636
2008.72727272727,rom__com,4,4.93090909090909,682727272.727273,-0.107272727272727
2008.81818181818,rom__com,4,4.88727272727273,679318181.818182,-0.158181818181818
2008.90909090909,rom__com,4,4.84363636363636,675909090.909091,-0.209090909090909
2008,thriller,7,5.66,965000000,-0.26
2008.09090909091,thriller,7,5.67090909090909,1086590909.09091,-0.272727272727273
2008.18181818182,thriller,7,5.68181818181818,1208181818.18182,-0.285454545454545
2008.27272727273,thriller,7,5.69272727272727,1329772727.27273,-0.298181818181818
2008.36363636364,thriller,7,5.70363636363636,1451363636.36364,-0.310909090909091
2008.45454545455,thriller,7,5.71454545454546,1572954545.45455,-0.323636363636364
2008.54545454545,thriller,7,5.72545454545455,1694545454.54545,-0.336363636363636
2008.63636363636,thriller,7,5.73636363636364,1816136363.63636,-0.349090909090909
2008.72727272727,thriller,7,5.74727272727273,1937727272.72727,-0.361818181818182
2008.81818181818,thriller,7,5.75818181818182,2059318181.81818,-0.374545454545455
2008.90909090909,thriller,7,5.76909090909091,2180909090.90909,-0.387272727272727
2009,action,3,5.13,1365000000,0.01
2009.09090909091,action,3,5.12272727272727,1402204545.45455,0.049090909090909
2009.18181818182,action,3,5.11545454545455,1439409090.90909,0.088181818181818
2009.27272727273,action,3,5.10818181818182,1476613636.36364,0.127272727272727
2009.36363636364,action,3,5.10090909090909,1513818181.81818,0.166363636363636
2009.45454545455,action,3,5.09363636363636,1551022727.27273,0.205454545454545
2009.54545454545,action,3,5.08636363636364,1588227272.72727,0.244545454545455
2009.63636363636,action,3,5.07909090909091,1625431818.18182,0.283636363636364
2009.72727272727,action,3,5.07181818181818,1662636363.63636,0.322727272727273
2009.81818181818,action,3,5.06454545454545,1699840909.09091,0.361818181818182
2009.90909090909,action,3,5.05727272727273,1737045454.54545,0.400909090909091
2009,comedy,14,4.81,2392500000,-0.27
2009.09090909091,comedy,14,4.87,2498409090.90909,-0.256363636363636
2009.18181818182,comedy,14,4.93,2604318181.81818,-0.242727272727273
2009.27272727273,comedy,14,4.99,2710227272.72727,-0.229090909090909
2009.36363636364,comedy,14,5.05,2816136363.63636,-0.215454545454545
2009.45454545455,comedy,14,5.11,2922045454.54545,-0.201818181818182
2009.54545454545,comedy,14,5.17,3027954545.45455,-0.188181818181818
2009.63636363636,comedy,14,5.23,3133863636.36364,-0.174545454545455
2009.72727272727,comedy,14,5.29,3239772727.27273,-0.160909090909091
2009.81818181818,comedy,14,5.35,3345681818.18182,-0.147272727272727
2009.90909090909,comedy,14,5.41,3451590909.09091,-0.133636363636364
2009,drama,21,6.27,3382500000,-0.1
2009.09090909091,drama,21,6.26727272727273,3445636363.63636,-0.12
2009.18181818182,drama,21,6.26454545454545,3508772727.27273,-0.14
2009.27272727273,drama,21,6.26181818181818,3571909090.90909,-0.16
2009.36363636364,drama,21,6.25909090909091,3635045454.54545,-0.18
2009.45454545455,drama,21,6.25636363636364,3698181818.18182,-0.2
2009.54545454545,drama,21,6.25363636363636,3761318181.81818,-0.22
2009.63636363636,drama,21,6.25090909090909,3824454545.45455,-0.24
2009.72727272727,drama,21,6.24818181818182,3887590909.09091,-0.26
2009.81818181818,drama,21,6.24545454545455,3950727272.72727,-0.28
2009.90909090909,drama,21,6.24272727272727,4013863636.36364,-0.3
2009,love_story,2,5.3,250000000,-0.66
2009.09090909091,love_story,2,5.22545454545455,277727272.727273,-0.59
2009.18181818182,love_story,2,5.15090909090909,305454545.454545,-0.52
2009.27272727273,love_story,2,5.07636363636364,333181818.181818,-0.45
2009.36363636364,love_story,2,5.00181818181818,360909090.909091,-0.38
2009.45454545455,love_story,2,4.92727272727273,388636363.636364,-0.31
2009.54545454545,love_story,2,4.85272727272727,416363636.363636,-0.24
2009.63636363636,love_story,2,4.77818181818182,444090909.090909,-0.17
2009.72727272727,love_story,2,4.70363636363636,471818181.818182,-0.1
2009.81818181818,love_story,2,4.62909090909091,499545454.545455,-0.03
2009.90909090909,love_story,2,4.55454545454546,527272727.272727,0.04
2009,rom__com,2,4.8,672500000,-0.26
2009.09090909091,rom__com,2,4.88,782954545.454546,-0.237272727272727
2009.18181818182,rom__com,2,4.96,893409090.909091,-0.214545454545454
2009.27272727273,rom__com,2,5.04,1003863636.36364,-0.191818181818182
2009.36363636364,rom__com,2,5.12,1114318181.81818,-0.169090909090909
2009.45454545455,rom__com,2,5.2,1224772727.27273,-0.146363636363636
2009.54545454545,rom__com,2,5.28,1335227272.72727,-0.123636363636364
2009.63636363636,rom__com,2,5.36,1445681818.18182,-0.100909090909091
2009.72727272727,rom__com,2,5.44,1556136363.63636,-0.078181818181818
2009.81818181818,rom__com,2,5.52,1666590909.09091,-0.055454545454546
2009.90909090909,rom__com,2,5.6,1777045454.54545,-0.032727272727273
2009,thriller,12,5.78,2302500000,-0.4
2009.09090909091,thriller,12,5.71,2339318181.81818,-0.412727272727273
2009.18181818182,thriller,12,5.64,2376136363.63636,-0.425454545454546
2009.27272727273,thriller,12,5.57,2412954545.45455,-0.438181818181818
2009.36363636364,thriller,12,5.5,2449772727.27273,-0.450909090909091
2009.45454545455,thriller,12,5.43,2486590909.09091,-0.463636363636364
2009.54545454545,thriller,12,5.36,2523409090.90909,-0.476363636363636
2009.63636363636,thriller,12,5.29,2560227272.72727,-0.489090909090909
2009.72727272727,thriller,12,5.22,2597045454.54545,-0.501818181818182
2009.81818181818,thriller,12,5.15,2633863636.36364,-0.514545454545454
2009.90909090909,thriller,12,5.08,2670681818.18182,-0.527272727272727
2010,action,6,5.05,1774250000,0.44
2010.09090909091,action,6,5.08909090909091,1919318181.81818,0.474545454545455
2010.18181818182,action,6,5.12818181818182,2064386363.63636,0.509090909090909
2010.27272727273,action,6,5.16727272727273,2209454545.45455,0.543636363636364
2010.36363636364,action,6,5.20636363636364,2354522727.27273,0.578181818181818
2010.45454545455,action,6,5.24545454545455,2499590909.09091,0.612727272727273
2010.54545454545,action,6,5.28454545454546,2644659090.90909,0.647272727272727
2010.63636363636,action,6,5.32363636363636,2789727272.72727,0.681818181818182
2010.72727272727,action,6,5.36272727272727,2934795454.54545,0.716363636363636
2010.81818181818,action,6,5.40181818181818,3079863636.36364,0.750909090909091
2010.90909090909,action,6,5.44090909090909,3224931818.18182,0.785454545454545
2010,comedy,20,5.47,3557500000,-0.12
2010.09090909091,comedy,20,5.39272727272727,3590681818.18182,-0.118181818181818
2010.18181818182,comedy,20,5.31545454545455,3623863636.36364,-0.116363636363636
2010.27272727273,comedy,20,5.23818181818182,3657045454.54545,-0.114545454545455
2010.36363636364,comedy,20,5.16090909090909,3690227272.72727,-0.112727272727273
2010.45454545455,comedy,20,5.08363636363636,3723409090.90909,-0.110909090909091
2010.54545454545,comedy,20,5.00636363636364,3756590909.09091,-0.109090909090909
2010.63636363636,comedy,20,4.92909090909091,3789772727.27273,-0.107272727272727
2010.72727272727,comedy,20,4.85181818181818,3822954545.45455,-0.105454545454545
2010.81818181818,comedy,20,4.77454545454545,3856136363.63636,-0.103636363636364
2010.90909090909,comedy,20,4.69727272727273,3889318181.81818,-0.101818181818182
2010,drama,27,6.24,4077000000,-0.32
2010.09090909091,drama,27,6.19272727272727,4109090909.09091,-0.334545454545455
2010.18181818182,drama,27,6.14545454545455,4141181818.18182,-0.349090909090909
2010.27272727273,drama,27,6.09818181818182,4173272727.27273,-0.363636363636364
2010.36363636364,drama,27,6.05090909090909,4205363636.36364,-0.378181818181818
2010.45454545455,drama,27,6.00363636363636,4237454545.45455,-0.392727272727273
2010.54545454545,drama,27,5.95636363636364,4269545454.54545,-0.407272727272727
2010.63636363636,drama,27,5.90909090909091,4301636363.63636,-0.421818181818182
2010.72727272727,drama,27,5.86181818181818,4333727272.72727,-0.436363636363636
2010.81818181818,drama,27,5.81454545454545,4365818181.81818,-0.450909090909091
2010.90909090909,drama,27,5.76727272727273,4397909090.90909,-0.465454545454546
2010,love_story,4,4.48,555000000,0.11
2010.09090909091,love_story,4,4.57363636363636,589545454.545454,0.057272727272727
2010.18181818182,love_story,4,4.66727272727273,624090909.090909,0.004545454545455
2010.27272727273,love_story,4,4.76090909090909,658636363.636364,-0.048181818181818
2010.36363636364,love_story,4,4.85454545454545,693181818.181818,-0.100909090909091
2010.45454545455,love_story,4,4.94818181818182,727727272.727273,-0.153636363636364
2010.54545454545,love_story,4,5.04181818181818,762272727.272727,-0.206363636363636
2010.63636363636,love_story,4,5.13545454545455,796818181.818182,-0.259090909090909
2010.72727272727,love_story,4,5.22909090909091,831363636.363636,-0.311818181818182
2010.81818181818,love_story,4,5.32272727272727,865909090.909091,-0.364545454545455
2010.90909090909,love_story,4,5.41636363636364,900454545.454546,-0.417272727272727
2010,rom__com,10,5.68,1887500000,-0.01
2010.09090909091,rom__com,10,5.74818181818182,1764772727.27273,0.023636363636364
2010.18181818182,rom__com,10,5.81636363636364,1642045454.54545,0.057272727272727
2010.27272727273,rom__com,10,5.88454545454545,1519318181.81818,0.090909090909091
2010.36363636364,rom__com,10,5.95272727272727,1396590909.09091,0.124545454545455
2010.45454545455,rom__com,10,6.02090909090909,1273863636.36364,0.158181818181818
2010.54545454545,rom__com,10,6.08909090909091,1151136363.63636,0.191818181818182
2010.63636363636,rom__com,10,6.15727272727273,1028409090.90909,0.225454545454545
2010.72727272727,rom__com,10,6.22545454545455,905681818.181818,0.259090909090909
2010.81818181818,rom__com,10,6.29363636363636,782954545.454546,0.292727272727273
2010.90909090909,rom__com,10,6.36181818181818,660227272.727273,0.326363636363636
2010,thriller,11,5.01,2707500000,-0.54
2010.09090909091,thriller,11,5.10727272727273,2647500000,-0.452727272727273
2010.18181818182,thriller,11,5.20454545454545,2587500000,-0.365454545454545
2010.27272727273,thriller,11,5.30181818181818,2527500000,-0.278181818181818
2010.36363636364,thriller,11,5.39909090909091,2467500000,-0.190909090909091
2010.45454545455,thriller,11,5.49636363636364,2407500000,-0.103636363636364
2010.54545454545,thriller,11,5.59363636363636,2347500000,-0.016363636363637
2010.63636363636,thriller,11,5.69090909090909,2287500000,0.070909090909091
2010.72727272727,thriller,11,5.78818181818182,2227500000,0.158181818181818
2010.81818181818,thriller,11,5.88545454545455,2167500000,0.245454545454545
2010.90909090909,thriller,11,5.98272727272727,2107500000,0.332727272727273
2011,action,5,5.48,3370000000,0.82
2011.09090909091,action,5,5.45272727272727,3443181818.18182,0.805454545454545
2011.18181818182,action,5,5.42545454545455,3516363636.36364,0.790909090909091
2011.27272727273,action,5,5.39818181818182,3589545454.54545,0.776363636363636
2011.36363636364,action,5,5.37090909090909,3662727272.72727,0.761818181818182
2011.45454545455,action,5,5.34363636363636,3735909090.90909,0.747272727272727
2011.54545454545,action,5,5.31636363636364,3809090909.09091,0.732727272727273
2011.63636363636,action,5,5.28909090909091,3882272727.27273,0.718181818181818
2011.72727272727,action,5,5.26181818181818,3955454545.45455,0.703636363636364
2011.81818181818,action,5,5.23454545454545,4028636363.63636,0.689090909090909
2011.90909090909,action,5,5.20727272727273,4101818181.81818,0.674545454545455
2011,comedy,22,4.62,3922500000,-0.1
2011.09090909091,comedy,22,4.65272727272727,3918409090.90909,-0.080909090909091
2011.18181818182,comedy,22,4.68545454545455,3914318181.81818,-0.061818181818182
2011.27272727273,comedy,22,4.71818181818182,3910227272.72727,-0.042727272727273
2011.36363636364,comedy,22,4.75090909090909,3906136363.63636,-0.023636363636364
2011.45454545455,comedy,22,4.78363636363636,3902045454.54545,-0.004545454545455
2011.54545454545,comedy,22,4.81636363636364,3897954545.45455,0.014545454545455
2011.63636363636,comedy,22,4.84909090909091,3893863636.36364,0.033636363636364
2011.72727272727,comedy,22,4.88181818181818,3889772727.27273,0.052727272727273
2011.81818181818,comedy,22,4.91454545454546,3885681818.18182,0.071818181818182
2011.90909090909,comedy,22,4.94727272727273,3881590909.09091,0.090909090909091
2011,drama,34,5.72,4430000000,-0.48
2011.09090909091,drama,34,5.74909090909091,4229590909.09091,-0.47
2011.18181818182,drama,34,5.77818181818182,4029181818.18182,-0.46
2011.27272727273,drama,34,5.80727272727273,3828772727.27273,-0.45
2011.36363636364,drama,34,5.83636363636364,3628363636.36364,-0.44
2011.45454545455,drama,34,5.86545454545455,3427954545.45455,-0.43
2011.54545454545,drama,34,5.89454545454545,3227545454.54545,-0.42
2011.63636363636,drama,34,5.92363636363636,3027136363.63636,-0.41
2011.72727272727,drama,34,5.95272727272727,2826727272.72727,-0.4
2011.81818181818,drama,34,5.98181818181818,2626318181.81818,-0.39
2011.90909090909,drama,34,6.01090909090909,2425909090.90909,-0.38
2011,love_story,8,5.51,935000000,-0.47
2011.09090909091,love_story,8,5.49818181818182,1053181818.18182,-0.428181818181818
2011.18181818182,love_story,8,5.48636363636364,1171363636.36364,-0.386363636363636
2011.27272727273,love_story,8,5.47454545454545,1289545454.54545,-0.344545454545454
2011.36363636364,love_story,8,5.46272727272727,1407727272.72727,-0.302727272727273
2011.45454545455,love_story,8,5.45090909090909,1525909090.90909,-0.260909090909091
2011.54545454545,love_story,8,5.43909090909091,1644090909.09091,-0.219090909090909
2011.63636363636,love_story,8,5.42727272727273,1762272727.27273,-0.177272727272727
2011.72727272727,love_story,8,5.41545454545455,1880454545.45455,-0.135454545454545
2011.81818181818,love_story,8,5.40363636363636,1998636363.63636,-0.093636363636364
2011.90909090909,love_story,8,5.39181818181818,2116818181.81818,-0.051818181818182
2011,rom__com,4,6.43,537500000,0.36
2011.09090909091,rom__com,4,6.31454545454545,635000000,0.371818181818182
2011.18181818182,rom__com,4,6.19909090909091,732500000,0.383636363636364
2011.27272727273,rom__com,4,6.08363636363636,830000000,0.395454545454546
2011.36363636364,rom__com,4,5.96818181818182,927500000,0.407272727272727
2011.45454545455,rom__com,4,5.85272727272727,1025000000,0.419090909090909
2011.54545454545,rom__com,4,5.73727272727273,1122500000,0.430909090909091
2011.63636363636,rom__com,4,5.62181818181818,1220000000,0.442727272727273
2011.72727272727,rom__com,4,5.50636363636364,1317500000,0.454545454545455
2011.81818181818,rom__com,4,5.39090909090909,1415000000,0.466363636363636
2011.90909090909,rom__com,4,5.27545454545455,1512500000,0.478181818181818
2011,thriller,12,6.08,2047500000,0.42
2011.09090909091,thriller,12,6.01545454545455,2146818181.81818,0.438181818181818
2011.18181818182,thriller,12,5.95090909090909,2246136363.63636,0.456363636363636
2011.27272727273,thriller,12,5.88636363636364,2345454545.45455,0.474545454545455
2011.36363636364,thriller,12,5.82181818181818,2444772727.27273,0.492727272727273
2011.45454545455,thriller,12,5.75727272727273,2544090909.09091,0.510909090909091
2011.54545454545,thriller,12,5.69272727272727,2643409090.90909,0.529090909090909
2011.63636363636,thriller,12,5.62818181818182,2742727272.72727,0.547272727272727
2011.72727272727,thriller,12,5.56363636363636,2842045454.54545,0.565454545454545
2011.81818181818,thriller,12,5.49909090909091,2941363636.36364,0.583636363636364
2011.90909090909,thriller,12,5.43454545454546,3040681818.18182,0.601818181818182
2012,action,8,5.18,4175000000,0.66
2012.09090909091,action,8,5.17545454545455,4355454545.45454,0.631818181818182
2012.18181818182,action,8,5.17090909090909,4535909090.90909,0.603636363636364
2012.27272727273,action,8,5.16636363636364,4716363636.36364,0.575454545454545
2012.36363636364,action,8,5.16181818181818,4896818181.81818,0.547272727272727
2012.45454545455,action,8,5.15727272727273,5077272727.27273,0.519090909090909
2012.54545454545,action,8,5.15272727272727,5257727272.72727,0.490909090909091
2012.63636363636,action,8,5.14818181818182,5438181818.18182,0.462727272727273
2012.72727272727,action,8,5.14363636363636,5618636363.63636,0.434545454545455
2012.81818181818,action,8,5.13909090909091,5799090909.09091,0.406363636363636
2012.90909090909,action,8,5.13454545454546,5979545454.54546,0.378181818181818
2012,comedy,19,4.98,3877500000,0.11
2012.09090909091,comedy,19,5.02181818181818,3841136363.63636,0.123636363636364
2012.18181818182,comedy,19,5.06363636363636,3804772727.27273,0.137272727272727
2012.27272727273,comedy,19,5.10545454545455,3768409090.90909,0.150909090909091
2012.36363636364,comedy,19,5.14727272727273,3732045454.54545,0.164545454545455
2012.45454545455,comedy,19,5.18909090909091,3695681818.18182,0.178181818181818
2012.54545454545,comedy,19,5.23090909090909,3659318181.81818,0.191818181818182
2012.63636363636,comedy,19,5.27272727272727,3622954545.45455,0.205454545454545
2012.72727272727,comedy,19,5.31454545454546,3586590909.09091,0.219090909090909
2012.81818181818,comedy,19,5.35636363636364,3550227272.72727,0.232727272727273
2012.90909090909,comedy,19,5.39818181818182,3513863636.36364,0.246363636363636
2012,drama,25,6.04,2225500000,-0.37
2012.09090909091,drama,25,6.04181818181818,2396681818.18182,-0.362727272727273
2012.18181818182,drama,25,6.04363636363636,2567863636.36364,-0.355454545454546
2012.27272727273,drama,25,6.04545454545455,2739045454.54545,-0.348181818181818
2012.36363636364,drama,25,6.04727272727273,2910227272.72727,-0.340909090909091
2012.45454545455,drama,25,6.04909090909091,3081409090.90909,-0.333636363636364
2012.54545454545,drama,25,6.05090909090909,3252590909.09091,-0.326363636363636
2012.63636363636,drama,25,6.05272727272727,3423772727.27273,-0.319090909090909
2012.72727272727,drama,25,6.05454545454546,3594954545.45455,-0.311818181818182
2012.81818181818,drama,25,6.05636363636364,3766136363.63636,-0.304545454545454
2012.90909090909,drama,25,6.05818181818182,3937318181.81818,-0.297272727272727
2012,love_story,12,5.38,2235000000,-0.01
2012.09090909091,love_story,12,5.41,2258181818.18182,0.072727272727273
2012.18181818182,love_story,12,5.44,2281363636.36364,0.155454545454545
2012.27272727273,love_story,12,5.47,2304545454.54545,0.238181818181818
2012.36363636364,love_story,12,5.5,2327727272.72727,0.320909090909091
2012.45454545455,love_story,12,5.53,2350909090.90909,0.403636363636364
2012.54545454545,love_story,12,5.56,2374090909.09091,0.486363636363636
2012.63636363636,love_story,12,5.59,2397272727.27273,0.569090909090909
2012.72727272727,love_story,12,5.62,2420454545.45455,0.651818181818182
2012.81818181818,love_story,12,5.65,2443636363.63636,0.734545454545455
2012.90909090909,love_story,12,5.68,2466818181.81818,0.817272727272727
2012,rom__com,5,5.16,1610000000,0.49
2012.09090909091,rom__com,5,5.20272727272727,1513636363.63636,0.475454545454546
2012.18181818182,rom__com,5,5.24545454545455,1417272727.27273,0.460909090909091
2012.27272727273,rom__com,5,5.28818181818182,1320909090.90909,0.446363636363636
2012.36363636364,rom__com,5,5.33090909090909,1224545454.54545,0.431818181818182
2012.45454545455,rom__com,5,5.37363636363636,1128181818.18182,0.417272727272727
2012.54545454545,rom__com,5,5.41636363636364,1031818181.81818,0.402727272727273
2012.63636363636,rom__com,5,5.45909090909091,935454545.454546,0.388181818181818
2012.72727272727,rom__com,5,5.50181818181818,839090909.090909,0.373636363636364
2012.81818181818,rom__com,5,5.54454545454546,742727272.727273,0.359090909090909
2012.90909090909,rom__com,5,5.58727272727273,646363636.363636,0.344545454545455
2012,thriller,13,5.37,3140000000,0.62
2012.09090909091,thriller,13,5.35909090909091,3173636363.63636,0.53
2012.18181818182,thriller,13,5.34818181818182,3207272727.27273,0.44
2012.27272727273,thriller,13,5.33727272727273,3240909090.90909,0.35
2012.36363636364,thriller,13,5.32636363636364,3274545454.54545,0.26
2012.45454545455,thriller,13,5.31545454545455,3308181818.18182,0.17
2012.54545454545,thriller,13,5.30454545454546,3341818181.81818,0.08
2012.63636363636,thriller,13,5.29363636363636,3375454545.45455,-0.01
2012.72727272727,thriller,13,5.28272727272727,3409090909.09091,-0.1
2012.81818181818,thriller,13,5.27181818181818,3442727272.72727,-0.19
2012.90909090909,thriller,13,5.26090909090909,3476363636.36364,-0.28
2013,action,11,5.13,6160000000,0.35
2013.09090909091,action,11,5.12454545454545,6196363636.36364,0.351818181818182
2013.18181818182,action,11,5.11909090909091,6232727272.72727,0.353636363636364
2013.27272727273,action,11,5.11363636363636,6269090909.09091,0.355454545454545
2013.36363636364,action,11,5.10818181818182,6305454545.45455,0.357272727272727
2013.45454545455,action,11,5.10272727272727,6341818181.81818,0.359090909090909
2013.54545454545,action,11,5.09727272727273,6378181818.18182,0.360909090909091
2013.63636363636,action,11,5.09181818181818,6414545454.54546,0.362727272727273
2013.72727272727,action,11,5.08636363636364,6450909090.90909,0.364545454545455
2013.81818181818,action,11,5.08090909090909,6487272727.27273,0.366363636363636
2013.90909090909,action,11,5.07545454545455,6523636363.63636,0.368181818181818
2013,comedy,16,5.44,3477500000,0.26
2013.09090909091,comedy,16,5.31454545454545,3363545454.54545,0.189090909090909
2013.18181818182,comedy,16,5.18909090909091,3249590909.09091,0.118181818181818
2013.27272727273,comedy,16,5.06363636363636,3135636363.63636,0.047272727272727
2013.36363636364,comedy,16,4.93818181818182,3021681818.18182,-0.023636363636364
2013.45454545455,comedy,16,4.81272727272727,2907727272.72727,-0.094545454545455
2013.54545454545,comedy,16,4.68727272727273,2793772727.27273,-0.165454545454545
2013.63636363636,comedy,16,4.56181818181818,2679818181.81818,-0.236363636363636
2013.72727272727,comedy,16,4.43636363636364,2565863636.36364,-0.307272727272727
2013.81818181818,comedy,16,4.31090909090909,2451909090.90909,-0.378181818181818
2013.90909090909,comedy,16,4.18545454545455,2337954545.45455,-0.449090909090909
2013,drama,32,6.06,4108500000,-0.29
2013.09090909091,drama,32,6.06636363636364,4256772727.27273,-0.290909090909091
2013.18181818182,drama,32,6.07272727272727,4405045454.54546,-0.291818181818182
2013.27272727273,drama,32,6.07909090909091,4553318181.81818,-0.292727272727273
2013.36363636364,drama,32,6.08545454545455,4701590909.09091,-0.293636363636364
2013.45454545455,drama,32,6.09181818181818,4849863636.36364,-0.294545454545455
2013.54545454545,drama,32,6.09818181818182,4998136363.63636,-0.295454545454545
2013.63636363636,drama,32,6.10454545454545,5146409090.90909,-0.296363636363636
2013.72727272727,drama,32,6.11090909090909,5294681818.18182,-0.297272727272727
2013.81818181818,drama,32,6.11727272727273,5442954545.45455,-0.298181818181818
2013.90909090909,drama,32,6.12363636363636,5591227272.72727,-0.299090909090909
2013,love_story,9,5.71,2490000000,0.9
2013.09090909091,love_story,9,5.64,2362272727.27273,0.813636363636364
2013.18181818182,love_story,9,5.57,2234545454.54545,0.727272727272727
2013.27272727273,love_story,9,5.5,2106818181.81818,0.640909090909091
2013.36363636364,love_story,9,5.43,1979090909.09091,0.554545454545455
2013.45454545455,love_story,9,5.36,1851363636.36364,0.468181818181818
2013.54545454545,love_story,9,5.29,1723636363.63636,0.381818181818182
2013.63636363636,love_story,9,5.22,1595909090.90909,0.295454545454545
2013.72727272727,love_story,9,5.15,1468181818.18182,0.209090909090909
2013.81818181818,love_story,9,5.08,1340454545.45455,0.122727272727273
2013.90909090909,love_story,9,5.01,1212727272.72727,0.036363636363636
2013,rom__com,3,5.63,550000000,0.33
2013.09090909091,rom__com,3,5.64090909090909,757654545.454546,0.316363636363636
2013.18181818182,rom__com,3,5.65181818181818,965309090.909091,0.302727272727273
2013.27272727273,rom__com,3,5.66272727272727,1172963636.36364,0.289090909090909
2013.36363636364,rom__com,3,5.67363636363636,1380618181.81818,0.275454545454545
2013.45454545455,rom__com,3,5.68454545454546,1588272727.27273,0.261818181818182
2013.54545454545,rom__com,3,5.69545454545455,1795927272.72727,0.248181818181818
2013.63636363636,rom__com,3,5.70636363636364,2003581818.18182,0.234545454545455
2013.72727272727,rom__com,3,5.71727272727273,2211236363.63636,0.220909090909091
2013.81818181818,rom__com,3,5.72818181818182,2418890909.09091,0.207272727272727
2013.90909090909,rom__com,3,5.73909090909091,2626545454.54546,0.193636363636364
2013,thriller,22,5.25,3510000000,-0.37
2013.09090909091,thriller,22,5.25727272727273,3340727272.72727,-0.329090909090909
2013.18181818182,thriller,22,5.26454545454545,3171454545.45455,-0.288181818181818
2013.27272727273,thriller,22,5.27181818181818,3002181818.18182,-0.247272727272727
2013.36363636364,thriller,22,5.27909090909091,2832909090.90909,-0.206363636363636
2013.45454545455,thriller,22,5.28636363636364,2663636363.63636,-0.165454545454545
2013.54545454545,thriller,22,5.29363636363636,2494363636.36364,-0.124545454545455
2013.63636363636,thriller,22,5.30090909090909,2325090909.09091,-0.083636363636364
2013.72727272727,thriller,22,5.30818181818182,2155818181.81818,-0.042727272727273
2013.81818181818,thriller,22,5.31545454545455,1986545454.54545,-0.001818181818182
2013.90909090909,thriller,22,5.32272727272727,1817272727.27273,0.039090909090909
2014,action,9,5.07,6560000000,0.37
2014.09090909091,action,9,5.2,6202727272.72727,0.366363636363636
2014.18181818182,action,9,5.33,5845454545.45455,0.362727272727273
2014.27272727273,action,9,5.46,5488181818.18182,0.359090909090909
2014.36363636364,action,9,5.59,5130909090.90909,0.355454545454546
2014.45454545455,action,9,5.72,4773636363.63636,0.351818181818182
2014.54545454545,action,9,5.85,4416363636.36364,0.348181818181818
2014.63636363636,action,9,5.98,4059090909.09091,0.344545454545455
2014.72727272727,action,9,6.11,3701818181.81818,0.340909090909091
2014.81818181818,action,9,6.24,3344545454.54546,0.337272727272727
2014.90909090909,action,9,6.37,2987272727.27273,0.333636363636364
2014,comedy,12,4.06,2224000000,-0.52
2014.09090909091,comedy,12,4.12272727272727,2285818181.81818,-0.448181818181818
2014.18181818182,comedy,12,4.18545454545455,2347636363.63636,-0.376363636363636
2014.27272727273,comedy,12,4.24818181818182,2409454545.45455,-0.304545454545455
2014.36363636364,comedy,12,4.31090909090909,2471272727.27273,-0.232727272727273
2014.45454545455,comedy,12,4.37363636363636,2533090909.09091,-0.160909090909091
2014.54545454545,comedy,12,4.43636363636364,2594909090.90909,-0.089090909090909
2014.63636363636,comedy,12,4.49909090909091,2656727272.72727,-0.017272727272727
2014.72727272727,comedy,12,4.56181818181818,2718545454.54545,0.054545454545455
2014.81818181818,comedy,12,4.62454545454545,2780363636.36364,0.126363636363636
2014.90909090909,comedy,12,4.68727272727273,2842181818.18182,0.198181818181818
2014,drama,30,6.13,5739500000,-0.3
2014.09090909091,drama,30,6.11909090909091,6027590909.09091,-0.290909090909091
2014.18181818182,drama,30,6.10818181818182,6315681818.18182,-0.281818181818182
2014.27272727273,drama,30,6.09727272727273,6603772727.27273,-0.272727272727273
2014.36363636364,drama,30,6.08636363636364,6891863636.36364,-0.263636363636364
2014.45454545455,drama,30,6.07545454545455,7179954545.45455,-0.254545454545454
2014.54545454545,drama,30,6.06454545454545,7468045454.54545,-0.245454545454545
2014.63636363636,drama,30,6.05363636363636,7756136363.63636,-0.236363636363636
2014.72727272727,drama,30,6.04272727272727,8044227272.72727,-0.227272727272727
2014.81818181818,drama,30,6.03181818181818,8332318181.81818,-0.218181818181818
2014.90909090909,drama,30,6.02090909090909,8620409090.90909,-0.209090909090909
2014,love_story,7,4.94,1085000000,-0.05
2014.09090909091,love_story,7,4.96181818181818,1079318181.81818,-0.048181818181818
2014.18181818182,love_story,7,4.98363636363636,1073636363.63636,-0.046363636363636
2014.27272727273,love_story,7,5.00545454545455,1067954545.45455,-0.044545454545455
2014.36363636364,love_story,7,5.02727272727273,1062272727.27273,-0.042727272727273
2014.45454545455,love_story,7,5.04909090909091,1056590909.09091,-0.040909090909091
2014.54545454545,love_story,7,5.07090909090909,1050909090.90909,-0.039090909090909
2014.63636363636,love_story,7,5.09272727272727,1045227272.72727,-0.037272727272727
2014.72727272727,love_story,7,5.11454545454545,1039545454.54545,-0.035454545454546
2014.81818181818,love_story,7,5.13636363636364,1033863636.36364,-0.033636363636364
2014.90909090909,love_story,7,5.15818181818182,1028181818.18182,-0.031818181818182
2014,rom__com,13,5.75,2834200000,0.18
2014.09090909091,rom__com,13,5.66818181818182,2718363636.36364,0.271818181818182
2014.18181818182,rom__com,13,5.58636363636364,2602527272.72727,0.363636363636364
2014.27272727273,rom__com,13,5.50454545454546,2486690909.09091,0.455454545454546
2014.36363636364,rom__com,13,5.42272727272727,2370854545.45455,0.547272727272727
2014.45454545455,rom__com,13,5.34090909090909,2255018181.81818,0.639090909090909
2014.54545454545,rom__com,13,5.25909090909091,2139181818.18182,0.730909090909091
2014.63636363636,rom__com,13,5.17727272727273,2023345454.54545,0.822727272727273
2014.72727272727,rom__com,13,5.09545454545455,1907509090.90909,0.914545454545454
2014.81818181818,rom__com,13,5.01363636363636,1791672727.27273,1.00636363636364
2014.90909090909,rom__com,13,4.93181818181818,1675836363.63636,1.09818181818182
2014,thriller,10,5.33,1648000000,0.08
2014.09090909091,thriller,10,5.33272727272727,1721363636.36364,0.12
2014.18181818182,thriller,10,5.33545454545455,1794727272.72727,0.16
2014.27272727273,thriller,10,5.33818181818182,1868090909.09091,0.2
2014.36363636364,thriller,10,5.34090909090909,1941454545.45455,0.24
2014.45454545455,thriller,10,5.34363636363636,2014818181.81818,0.28
2014.54545454545,thriller,10,5.34636363636364,2088181818.18182,0.32
2014.63636363636,thriller,10,5.34909090909091,2161545454.54545,0.36
2014.72727272727,thriller,10,5.35181818181818,2234909090.90909,0.4
2014.81818181818,thriller,10,5.35454545454545,2308272727.27273,0.44
2014.90909090909,thriller,10,5.35727272727273,2381636363.63636,0.48
2015,action,3,6.5,2630000000,0.33
2015.09090909091,action,3,6.42727272727273,2562727272.72727,0.380909090909091
2015.18181818182,action,3,6.35454545454545,2495454545.45455,0.431818181818182
2015.27272727273,action,3,6.28181818181818,2428181818.18182,0.482727272727273
2015.36363636364,action,3,6.20909090909091,2360909090.90909,0.533636363636364
2015.45454545455,action,3,6.13636363636364,2293636363.63636,0.584545454545455
2015.54545454545,action,3,6.06363636363636,2226363636.36364,0.635454545454545
2015.63636363636,action,3,5.99090909090909,2159090909.09091,0.686363636363636
2015.72727272727,action,3,5.91818181818182,2091818181.81818,0.737272727272727
2015.81818181818,action,3,5.84545454545455,2024545454.54545,0.788181818181818
2015.90909090909,action,3,5.77272727272727,1957272727.27273,0.839090909090909
2015,comedy,13,4.75,2904000000,0.27
2015.09090909091,comedy,13,4.67090909090909,2845454545.45455,0.248181818181818
2015.18181818182,comedy,13,4.59181818181818,2786909090.90909,0.226363636363636
2015.27272727273,comedy,13,4.51272727272727,2728363636.36364,0.204545454545455
2015.36363636364,comedy,13,4.43363636363636,2669818181.81818,0.182727272727273
2015.45454545455,comedy,13,4.35454545454545,2611272727.27273,0.160909090909091
2015.54545454545,comedy,13,4.27545454545455,2552727272.72727,0.139090909090909
2015.63636363636,comedy,13,4.19636363636364,2494181818.18182,0.117272727272727
2015.72727272727,comedy,13,4.11727272727273,2435636363.63636,0.095454545454546
2015.81818181818,comedy,13,4.03818181818182,2377090909.09091,0.073636363636364
2015.90909090909,comedy,13,3.95909090909091,2318545454.54545,0.051818181818182
2015,drama,24,6.01,8908500000,-0.2
2015.09090909091,drama,24,6.06727272727273,8757727272.72727,-0.105454545454545
2015.18181818182,drama,24,6.12454545454545,8606954545.45455,-0.010909090909091
2015.27272727273,drama,24,6.18181818181818,8456181818.18182,0.083636363636364
2015.36363636364,drama,24,6.23909090909091,8305409090.90909,0.178181818181818
2015.45454545455,drama,24,6.29636363636364,8154636363.63636,0.272727272727273
2015.54545454545,drama,24,6.35363636363636,8003863636.36364,0.367272727272727
2015.63636363636,drama,24,6.41090909090909,7853090909.09091,0.461818181818182
2015.72727272727,drama,24,6.46818181818182,7702318181.81818,0.556363636363636
2015.81818181818,drama,24,6.52545454545455,7551545454.54545,0.650909090909091
2015.90909090909,drama,24,6.58272727272727,7400772727.27273,0.745454545454545
2015,love_story,4,5.18,1022500000,-0.03
2015.09090909091,love_story,4,5.21909090909091,1083181818.18182,-0.056363636363636
2015.18181818182,love_story,4,5.25818181818182,1143863636.36364,-0.082727272727273
2015.27272727273,love_story,4,5.29727272727273,1204545454.54545,-0.109090909090909
2015.36363636364,love_story,4,5.33636363636364,1265227272.72727,-0.135454545454546
2015.45454545455,love_story,4,5.37545454545455,1325909090.90909,-0.161818181818182
2015.54545454545,love_story,4,5.41454545454546,1386590909.09091,-0.188181818181818
2015.63636363636,love_story,4,5.45363636363636,1447272727.27273,-0.214545454545455
2015.72727272727,love_story,4,5.49272727272727,1507954545.45455,-0.240909090909091
2015.81818181818,love_story,4,5.53181818181818,1568636363.63636,-0.267272727272727
2015.90909090909,love_story,4,5.57090909090909,1629318181.81818,-0.293636363636364
2015,rom__com,4,4.85,1560000000,1.19
2015.09090909091,rom__com,4,4.88,1546363636.36364,1.14090909090909
2015.18181818182,rom__com,4,4.91,1532727272.72727,1.09181818181818
2015.27272727273,rom__com,4,4.94,1519090909.09091,1.04272727272727
2015.36363636364,rom__com,4,4.97,1505454545.45455,0.993636363636364
2015.45454545455,rom__com,4,5,1491818181.81818,0.944545454545455
2015.54545454545,rom__com,4,5.03,1478181818.18182,0.895454545454546
2015.63636363636,rom__com,4,5.06,1464545454.54545,0.846363636363636
2015.72727272727,rom__com,4,5.09,1450909090.90909,0.797272727272727
2015.81818181818,rom__com,4,5.12,1437272727.27273,0.748181818181818
2015.90909090909,rom__com,4,5.15,1423636363.63636,0.699090909090909
2015,thriller,7,5.36,2455000000,0.52
2015.09090909091,thriller,7,5.37909090909091,2591818181.81818,0.475454545454546
2015.18181818182,thriller,7,5.39818181818182,2728636363.63636,0.430909090909091
2015.27272727273,thriller,7,5.41727272727273,2865454545.45455,0.386363636363636
2015.36363636364,thriller,7,5.43636363636364,3002272727.27273,0.341818181818182
2015.45454545455,thriller,7,5.45545454545455,3139090909.09091,0.297272727272727
2015.54545454545,thriller,7,5.47454545454545,3275909090.90909,0.252727272727273
2015.63636363636,thriller,7,5.49363636363636,3412727272.72727,0.208181818181818
2015.72727272727,thriller,7,5.51272727272727,3549545454.54545,0.163636363636364
2015.81818181818,thriller,7,5.53181818181818,3686363636.36364,0.119090909090909
2015.90909090909,thriller,7,5.55090909090909,3823181818.18182,0.074545454545455
2016,action,4,5.7,1890000000,0.89
2016.09090909091,action,4,5.68727272727273,2162727272.72727,0.858181818181818
2016.18181818182,action,4,5.67454545454546,2435454545.45455,0.826363636363636
2016.27272727273,action,4,5.66181818181818,2708181818.18182,0.794545454545455
2016.36363636364,action,4,5.64909090909091,2980909090.90909,0.762727272727273
2016.45454545455,action,4,5.63636363636364,3253636363.63636,0.730909090909091
2016.54545454545,action,4,5.62363636363636,3526363636.36364,0.699090909090909
2016.63636363636,action,4,5.61090909090909,3799090909.09091,0.667272727272727
2016.72727272727,action,4,5.59818181818182,4071818181.81818,0.635454545454545
2016.81818181818,action,4,5.58545454545455,4344545454.54546,0.603636363636364
2016.90909090909,action,4,5.57272727272727,4617272727.27273,0.571818181818182
2016,comedy,6,3.88,2260000000,0.03
2016.09090909091,comedy,6,4.06363636363636,2411818181.81818,0.103636363636364
2016.18181818182,comedy,6,4.24727272727273,2563636363.63636,0.177272727272727
2016.27272727273,comedy,6,4.43090909090909,2715454545.45455,0.250909090909091
2016.36363636364,comedy,6,4.61454545454545,2867272727.27273,0.324545454545455
2016.45454545455,comedy,6,4.79818181818182,3019090909.09091,0.398181818181818
2016.54545454545,comedy,6,4.98181818181818,3170909090.90909,0.471818181818182
2016.63636363636,comedy,6,5.16545454545455,3322727272.72727,0.545454545454545
2016.72727272727,comedy,6,5.34909090909091,3474545454.54545,0.619090909090909
2016.81818181818,comedy,6,5.53272727272727,3626363636.36364,0.692727272727273
2016.90909090909,comedy,6,5.71636363636364,3778181818.18182,0.766363636363636
2016,drama,17,6.64,7250000000,0.84
2016.09090909091,drama,17,6.58454545454545,7286318181.81818,0.763636363636364
2016.18181818182,drama,17,6.52909090909091,7322636363.63636,0.687272727272727
2016.27272727273,drama,17,6.47363636363636,7358954545.45455,0.610909090909091
2016.36363636364,drama,17,6.41818181818182,7395272727.27273,0.534545454545454
2016.45454545455,drama,17,6.36272727272727,7431590909.09091,0.458181818181818
2016.54545454545,drama,17,6.30727272727273,7467909090.90909,0.381818181818182
2016.63636363636,drama,17,6.25181818181818,7504227272.72727,0.305454545454546
2016.72727272727,drama,17,6.19636363636364,7540545454.54546,0.229090909090909
2016.81818181818,drama,17,6.14090909090909,7576863636.36364,0.152727272727273
2016.90909090909,drama,17,6.08545454545455,7613181818.18182,0.076363636363636
2016,love_story,7,5.61,1690000000,-0.32
2016.09090909091,love_story,7,5.46181818181818,1694545454.54545,-0.255454545454545
2016.18181818182,love_story,7,5.31363636363636,1699090909.09091,-0.190909090909091
2016.27272727273,love_story,7,5.16545454545455,1703636363.63636,-0.126363636363636
2016.36363636364,love_story,7,5.01727272727273,1708181818.18182,-0.061818181818182
2016.45454545455,love_story,7,4.86909090909091,1712727272.72727,0.002727272727273
2016.54545454545,love_story,7,4.72090909090909,1717272727.27273,0.067272727272727
2016.63636363636,love_story,7,4.57272727272727,1721818181.81818,0.131818181818182
2016.72727272727,love_story,7,4.42454545454546,1726363636.36364,0.196363636363636
2016.81818181818,love_story,7,4.27636363636364,1730909090.90909,0.260909090909091
2016.90909090909,love_story,7,4.12818181818182,1735454545.45455,0.325454545454545
2016,rom__com,4,5.18,1410000000,0.65
2016.09090909091,rom__com,4,5.28909090909091,1429545454.54545,0.584545454545455
2016.18181818182,rom__com,4,5.39818181818182,1449090909.09091,0.519090909090909
2016.27272727273,rom__com,4,5.50727272727273,1468636363.63636,0.453636363636364
2016.36363636364,rom__com,4,5.61636363636364,1488181818.18182,0.388181818181818
2016.45454545455,rom__com,4,5.72545454545455,1507727272.72727,0.322727272727273
2016.54545454545,rom__com,4,5.83454545454545,1527272727.27273,0.257272727272727
2016.63636363636,rom__com,4,5.94363636363636,1546818181.81818,0.191818181818182
2016.72727272727,rom__com,4,6.05272727272727,1566363636.36364,0.126363636363636
2016.81818181818,rom__com,4,6.16181818181818,1585909090.90909,0.060909090909091
2016.90909090909,rom__com,4,6.27090909090909,1605454545.45455,-0.004545454545454
2016,thriller,10,5.57,3960000000,0.03
2016.09090909091,thriller,10,5.46363636363636,3754090909.09091,0.020909090909091
2016.18181818182,thriller,10,5.35727272727273,3548181818.18182,0.011818181818182
2016.27272727273,thriller,10,5.25090909090909,3342272727.27273,0.002727272727273
2016.36363636364,thriller,10,5.14454545454545,3136363636.36364,-0.006363636363636
2016.45454545455,thriller,10,5.03818181818182,2930454545.45455,-0.015454545454546
2016.54545454545,thriller,10,4.93181818181818,2724545454.54545,-0.024545454545455
2016.63636363636,thriller,10,4.82545454545455,2518636363.63636,-0.033636363636364
2016.72727272727,thriller,10,4.71909090909091,2312727272.72727,-0.042727272727273
2016.81818181818,thriller,10,4.61272727272727,2106818181.81818,-0.051818181818182
2016.90909090909,thriller,10,4.50636363636364,1900909090.90909,-0.060909090909091
2017,action,5,5.56,4890000000,0.54
2017.09090909091,action,5,5.56,4890000000,0.54
2017.18181818182,action,5,5.56,4890000000,0.54
2017.27272727273,action,5,5.56,4890000000,0.54
2017.36363636364,action,5,5.56,4890000000,0.54
2017.45454545455,action,5,5.56,4890000000,0.54
2017.54545454545,action,5,5.56,4890000000,0.54
2017.63636363636,action,5,5.56,4890000000,0.54
2017.72727272727,action,5,5.56,4890000000,0.54
2017.81818181818,action,5,5.56,4890000000,0.54
2017.90909090909,action,5,5.56,4890000000,0.54
2017,comedy,8,5.9,3930000000,0.84
2017.09090909091,comedy,8,5.9,3930000000,0.84
2017.18181818182,comedy,8,5.9,3930000000,0.84
2017.27272727273,comedy,8,5.9,3930000000,0.84
2017.36363636364,comedy,8,5.9,3930000000,0.84
2017.45454545455,comedy,8,5.9,3930000000,0.84
2017.54545454545,comedy,8,5.9,3930000000,0.84
2017.63636363636,comedy,8,5.9,3930000000,0.84
2017.72727272727,comedy,8,5.9,3930000000,0.84
2017.81818181818,comedy,8,5.9,3930000000,0.84
2017.90909090909,comedy,8,5.9,3930000000,0.84
2017,drama,24,6.03,7649500000,0
2017.09090909091,drama,24,6.03,7649500000,0
2017.18181818182,drama,24,6.03,7649500000,0
2017.27272727273,drama,24,6.03,7649500000,0
2017.36363636364,drama,24,6.03,7649500000,0
2017.45454545455,drama,24,6.03,7649500000,0
2017.54545454545,drama,24,6.03,7649500000,0
2017.63636363636,drama,24,6.03,7649500000,0
2017.72727272727,drama,24,6.03,7649500000,0
2017.81818181818,drama,24,6.03,7649500000,0
2017.90909090909,drama,24,6.03,7649500000,0
2017,love_story,5,3.98,1740000000,0.39
2017.09090909091,love_story,5,3.98,1740000000,0.39
2017.18181818182,love_story,5,3.98,1740000000,0.39
2017.27272727273,love_story,5,3.98,1740000000,0.39
2017.36363636364,love_story,5,3.98,1740000000,0.39
2017.45454545455,love_story,5,3.98,1740000000,0.39
2017.54545454545,love_story,5,3.98,1740000000,0.39
2017.63636363636,love_story,5,3.98,1740000000,0.39
2017.72727272727,love_story,5,3.98,1740000000,0.39
2017.81818181818,love_story,5,3.98,1740000000,0.39
2017.90909090909,love_story,5,3.98,1740000000,0.39
2017,rom__com,4,6.38,1625000000,-0.07
2017.09090909091,rom__com,4,6.38,1625000000,-0.07
2017.18181818182,rom__com,4,6.38,1625000000,-0.07
2017.27272727273,rom__com,4,6.38,1625000000,-0.07
2017.36363636364,rom__com,4,6.38,1625000000,-0.07
2017.45454545455,rom__com,4,6.38,1625000000,-0.07
2017.54545454545,rom__com,4,6.38,1625000000,-0.07
2017.63636363636,rom__com,4,6.38,1625000000,-0.07
2017.72727272727,rom__com,4,6.38,1625000000,-0.07
2017.81818181818,rom__com,4,6.38,1625000000,-0.07
2017.90909090909,rom__com,4,6.38,1625000000,-0.07
2017,thriller,5,4.4,1695000000,-0.07
2017.09090909091,thriller,5,4.4,1695000000,-0.07
2017.18181818182,thriller,5,4.4,1695000000,-0.07
2017.27272727273,thriller,5,4.4,1695000000,-0.07
2017.36363636364,thriller,5,4.4,1695000000,-0.07
2017.45454545455,thriller,5,4.4,1695000000,-0.07
2017.54545454545,thriller,5,4.4,1695000000,-0.07
2017.63636363636,thriller,5,4.4,1695000000,-0.07
2017.72727272727,thriller,5,4.4,1695000000,-0.07
2017.81818181818,thriller,5,4.4,1695000000,-0.07
2017.90909090909,thriller,5,4.4,1695000000,-0.07
